adaptive_lr,constant_lr,threshold,val_adaptive_lr,val_constant_lr,val_threshold
297,971,0.14366367311969316,94,727,0.13210873286190786
291,984,0.1422971132195602,129,472,0.135819907839361
460,988,0.14077079759800207,23,679,0.1350896941792024
434,956,0.1425154174199212,1000,872,0.13219768142229632
