,adaptive_lr_loss,adaptive_lr_val_loss,constant_lr_loss,constant_lr_val_loss
0,0.14016260086206225,0.1390601048049958,0.14493369039590076,0.13403255433628433
1,0.13833752398426502,0.1450567379789917,0.14236107447558205,0.14049668002285454
2,0.13882246398824755,0.14576191249254505,0.1408306913566118,0.1407849498485264
3,0.1405358492991345,0.14032055496385226,0.14276168148143814,0.13349348865449429
