,adaptive_lr_loss,adaptive_lr_val_loss,constant_lr_loss,constant_lr_val_loss
0,0.035660721333888215,0.04122227383575914,0.04047100454763105,0.047362515662526666
1,0.03576065972447395,0.04208278268962711,0.04085230894622634,0.04739969030216143
2,0.035614575129314506,0.04327395469659849,0.04075425077278299,0.047157858470172585
3,0.035233794002198865,0.04346271923610142,0.04061975894110829,0.04843815325787573
4,0.03621783710364079,0.04194012168165925,0.040778116945669865,0.047163647990593145
