adaptive_lr,constant_lr,threshold,val_adaptive_lr,val_constant_lr,val_threshold
178,1981,0.040460328410207885,143,1985,0.04632143229568676
184,1990,0.040829750724844426,123,1960,0.04702490535907415
165,1985,0.040692561824617,122,1803,0.04675245943007531
144,1977,0.04061461410708934,93,1921,0.047423083835091945
176,1993,0.0407030076496095,148,1862,0.04638598985099173
