adaptive_lr,constant_lr,threshold,val_adaptive_lr,val_constant_lr,val_threshold
88,999,0.07395756383568554,68,999,0.07531853765249252
47,999,0.07552934134915723,41,993,0.07422742992639543
54,998,0.07446515797979414,61,998,0.07508567720651628
65,999,0.07596290515641034,62,996,0.07293972373008728
69,999,0.07451917828813111,72,996,0.07379654049873352
