,adaptive_lr_loss,adaptive_lr_val_loss,constant_lr_loss,constant_lr_val_loss
0,0.06579897001301503,0.06740094721317291,0.07395756383568554,0.07531853765249252
1,0.06494350445135838,0.07471057027578354,0.07552934134915723,0.07475247234106064
2,0.0648244208956169,0.06825646758079529,0.07447362947935439,0.07509905099868774
3,0.06570603709015467,0.06940541416406631,0.07596290515641034,0.07300367951393127
4,0.06676519493767097,0.06776497513055801,0.07451917828813111,0.07380221039056778
