,adaptive_lr_loss,adaptive_lr_val_loss,constant_lr_loss,constant_lr_val_loss
0,0.14469478443517522,0.13913503289222715,0.15983937411321758,0.14197500050067902
1,0.14148846714846833,0.138715922832489,0.1598516525016666,0.13896805047988892
2,0.1454499999513734,0.13603684306144714,0.1604824925714967,0.13783369958400726
3,0.1439349168101273,0.1384761482477188,0.15864930988031592,0.13983003795146942
4,0.1437057664165389,0.13627319037914276,0.1598179991130775,0.14213381707668304
