adaptive_lr,constant_lr,threshold,val_adaptive_lr,val_constant_lr,val_threshold
67,999,0.15983937411321758,80,996,0.14189136028289795
42,995,0.15980779434328024,102,998,0.13891130685806274
42,999,0.1604824925714967,134,970,0.13776938617229462
113,999,0.15864930988031592,167,997,0.13977766036987305
43,998,0.1598165569837484,60,963,0.1418895125389099
