,adaptive_lr_loss,adaptive_lr_val_loss,constant_lr_loss,constant_lr_val_loss
0,0.05614970224205409,0.06071308248632301,0.05866929769931677,0.06190647097945603
1,0.05449991434784417,0.0601956885168253,0.05817854728377558,0.06117886370853149
2,0.054994840384319364,0.05874495283984633,0.05752522550147705,0.06097473920023655
3,0.054237152482278436,0.05855940423577684,0.05906196796839065,0.06255947754370447
4,0.05584198720078614,0.059166097366304224,0.057610894591585124,0.061143975058300076
