adaptive_lr,constant_lr,threshold,val_adaptive_lr,val_constant_lr,val_threshold
677,990,0.05862953485080406,667,981,0.061740314497401236
197,995,0.05813754660722085,173,978,0.06117140911094127
230,998,0.05750114035213201,188,998,0.060841207155201214
138,995,0.05903033358141616,114,993,0.06250696853532488
376,998,0.057608683899931575,304,983,0.061036759418044935
