,adaptive_lr_loss,adaptive_lr_val_loss,constant_lr_loss,constant_lr_val_loss
0,0.062422065232685724,0.07239578943699597,0.06404068476736209,0.06673600024690754
1,0.062223447681441474,0.06887067805387471,0.06386473436055884,0.07577943811683277
2,0.06290282071226061,0.06962176020208158,0.06433391271127482,0.07360421846571721
3,0.062072840219332,0.07251989782640808,0.06424034603655675,0.07155949926297915
