adaptive_lr,constant_lr,threshold,val_adaptive_lr,val_constant_lr,val_threshold
446,974,0.06328560089913465,817,854,0.06558961215379991
460,998,0.06353499174202229,81,833,0.06915647448285629
382,972,0.06383804144537718,204,614,0.06667071781856447
363,985,0.06403043729353086,1000,795,0.06665323792319547
