adaptive_lr,constant_lr,threshold,val_adaptive_lr,val_constant_lr,val_threshold
232,1992,0.11070581465904053,209,1999,0.11271992996657565
194,1999,0.11049505767154072,140,1994,0.11346506743462055
215,1998,0.1106580503742788,203,1999,0.11231673176670487
184,1996,0.11095868553307248,144,1991,0.11336290039670414
218,1996,0.11064643683380254,213,1989,0.11274096898702315
