,adaptive_lr_loss,adaptive_lr_val_loss,constant_lr_loss,constant_lr_val_loss
0,0.10628339576099616,0.10826389965685933,0.11072463436777144,0.11271992996657565
1,0.10595592121061223,0.1081851621146326,0.11049505767154072,0.1135589558453787
2,0.10609974644148594,0.10765847847575233,0.11066673494861556,0.11231673176670487
3,0.10626232678164316,0.10814479557853757,0.11097386025683174,0.11369662889928528
4,0.10644658598042957,0.10830480253799653,0.11064823750177576,0.11294327405366032
