adaptive_lr,constant_lr,threshold,val_adaptive_lr,val_constant_lr,val_threshold
144,997,0.16559836648689535,102,983,0.16516540633426405
92,999,0.16594897078286766,79,995,0.16527279104435813
109,994,0.16646567970099652,79,995,0.16579932763953778
104,997,0.1660749285179677,101,997,0.16506199342780556
216,999,0.1654277033950202,165,977,0.16540908893208714
