,adaptive_lr_loss,adaptive_lr_val_loss,constant_lr_loss,constant_lr_val_loss
0,0.15969277556410272,0.16171223995249967,0.1656644430123767,0.16521606744308068
1,0.15963326606881004,0.1616391006778154,0.16594897078286766,0.16530546173088706
2,0.16066238153675075,0.16247957488840986,0.16649351278851934,0.16590831194188427
3,0.15991789777862486,0.16180286608259598,0.16609224998591735,0.1650899511298581
4,0.1596968331306054,0.16264083655292794,0.1654277033950202,0.1657243133320505
